sha,message,event_id
488794042fce073c5075180becc9bfaf1156eb7e,Member detail start,11185452662
488794042fce073c5075180becc9bfaf1156eb7e,Member detail start,11185452663
488794042fce073c5075180becc9bfaf1156eb7e,Member detail start,11185452664


488794042fce073c5075180becc9bfaf1156eb7e,Member detail start,11185452672
488794042fce073c5075180becc9bfaf1156eb7e,Member detail start,11185452672
488794042fce073c5075180becc9bfaf1156eb7e,Member detail start,11185452672
488794042fce073c5075180becc9bfaf1156eb7e,Member detail start,11185452673

488794042fce073c5075180beca9bfaf1156eb7e,Member detail start,11185452667
488794042fce073c5075180beca9bfaf1156eb7e,Member detail start,11185452668
488794042fce073c5075180beca9bfaf1156eb7e,Member detail start,11185452669
488794042fce073c5075180becc9bfaf1156eb7e,Member detail start,11185452670
488794042fce073c5075180beca9bfaf1156eb7e,Member detail start2,11185452670